OldName,NewName,Title
100 - Missing Attachments in SharePoint Tickets.html,100.html,Missing Attachments in SharePoint Tickets - Crow Canyon Software Support
102 - Add new ticket link (webpart) in a workspace.html,102.html,Add new ticket link (webpart) in a workspace - Crow Canyon Software Support
104 - Mapping for emails to SharePoint list.html,104.html,Mapping for emails to SharePoint list - Crow Canyon Software Support
106 - Restricting Assigned Staff list in SharePoint.html,106.html,Restricting Assigned Staff list in SharePoint - Crow Canyon Software Support
108 - How to manage the List View Threhsold in SharePoint On-Premises_.html,108.html,How to manage the List View Threhsold in SharePoint On-Premises? - Crow Canyon Software Support
11 - Modifying Column Names in Crow Canyon’s SharePoint applications (Issue Type).html,011.html,Modifying Column Names in Crow Canyon’s SharePoint applications (Issue Type) - Crow Canyon Software Support
110 - Modifying Column Names in Crow Canyon’s SharePoint applications (Issue Type) - Crow Canyon Software.html,110.html,Modifying Column Names in Crow Canyon’s SharePoint applications (Issue Type) - Crow Canyon Software Support
111 - Requester Phone is the Mobile Number instead of Work Phone.html,111.html,Requester Phone is the Mobile Number instead of Work Phone - Crow Canyon Software Support
"112 - How do I set permissions so that end users can submit and update tickets, but can’t see the Service.html",112.html,"How do I set permissions so that end users can submit and update tickets, but can’t see the Service Area? - Crow Canyon Software Support"
115 - Work Log disappearing.html,115.html,Work Log disappearing - Crow Canyon Software Support
119 - Not able to close ticket due to pending approvals.html,119.html,Not able to close ticket due to pending approvals - Crow Canyon Software Support
121 - Error during Site Collection Migration.html,121.html,Error during Site Collection Migration - Crow Canyon Software Support
123 - Issue Types are not getting cascaded according to the selected Category in the Tickets - Crow Canyon.html,123.html,Issue Types are not getting cascaded according to the selected Category in the Tickets - Crow Canyon Software Support
124 - List is not displaying any items in the SharePoint site.html,124.html,List is not displaying any items in the SharePoint site - Crow Canyon Software Support
125 - How to get single line spacing in Work Log field or Enhanced Rich Text type fields in SharePoint - C.html,125.html,How to get single line spacing in Work Log field or Enhanced Rich Text type fields in SharePoint - Crow Canyon Software Support
126 - Category Owner is not getting an email on Ticket creation.html,126.html,Category Owner is not getting an email on Ticket creation - Crow Canyon Software Support
13 - The Email Tickets list view web part in the Display form of a Ticket shows “This view cannot be displayed because it exceeds the list view threshold (5000 items) enforced by the administrator.”.html,013.html,The Email Tickets list view web part in the Display form of a Ticket shows “This view cannot be displayed because it exceeds the list view threshold (5000 items) enforced by the administrator.” - Crow Canyon Software Support
134 - The Email Tickets list view web part in the Display form of a Ticket shows “This view cannot be disp.html,134.html,The Email Tickets list view web part in the Display form of a Ticket shows “This view cannot be displayed because it exceeds the list view threshold (5000 items) enforced by the administrator.” - Crow Canyon Software Support
137 - Office 365 Service Request_ Create recurring Tickets with different schedules - Crow Canyon Software.html,137.html,Office 365 Service Request: Create recurring Tickets with different schedules - Crow Canyon Software Support
138 - Office 365 Service Request_ Create a report on re-opened tickets by month for assigned staff - Crow.html,138.html,Office 365 Service Request: Create a report on re-opened tickets by month for assigned staff - Crow Canyon Software Support
139 - Office 365 Service Request_ Automatically create tasks for a Ticket based on Category and Issue Type.html,139.html,Office 365 Service Request: Automatically create tasks for a Ticket based on Category and Issue Type (Ticket templates) - Crow Canyon Software Support
14 - How to contact Crow Canyon Support.html,014.html,How to contact Crow Canyon Support - Crow Canyon Software Support
140 - Measure effectiveness of technicians with KPIs generated using Ticket resolution statistics - Crow C.html,140.html,Measure effectiveness of technicians with KPIs generated using Ticket resolution statistics - Crow Canyon Software Support
142 - Crow Canyon Workflow Manager (Office 365 App) – Configure complex workflows with calculated columns.html,142.html,Crow Canyon Workflow Manager (Office 365 App) – Configure complex workflows with calculated columns - Crow Canyon Software Support
143 - Office 365 Service Request_ Re-assign a Ticket based on priority if it is not closed in time - Crow.html,143.html,Office 365 Service Request: Re-assign a Ticket based on priority if it is not closed in time - Crow Canyon Software Support
145 - Office 365 Service Request_ SLA to send reminder to staff before due date based on priority of Ticke.html,145.html,Office 365 Service Request: SLA to send reminder to staff before due date based on priority of Ticket - Crow Canyon Software Support
147 - Office 365 Exchange settings to forward mails to on-premises servers.html,147.html,Office 365 Exchange settings to forward mails to on-premises servers - Crow Canyon Software Support
148 - Office 365 Service Request_ Automatically assign Ticket based on Category and Issue Type if it remai.html,148.html,Office 365 Service Request: Automatically assign Ticket based on Category and Issue Type if it remains unassigned for a duration - Crow Canyon Software Support
149 - Office 365 Service Request_ Automatically set Due Date based on Category and Priority - Crow Canyon.html,149.html,Office 365 Service Request: Automatically set Due Date based on Category and Priority - Crow Canyon Software Support
15 - SharePoint Online_ Reopen a Ticket on requester email and reporting on reopened Tickets.html,015.html,SharePoint Online: Reopen a Ticket on requester email and reporting on reopened Tickets - Crow Canyon Software Support
150 - SharePoint Online_ Reopen a Ticket on requester email and reporting on reopened Tickets - Crow Canyo.html,150.html,SharePoint Online: Reopen a Ticket on requester email and reporting on reopened Tickets - Crow Canyon Software Support
152 - O365 Service Request_ Workflow to update WorkLog comments when an Outgoing Email is sent - Crow Cany.html,152.html,O365 Service Request: Workflow to update WorkLog comments when an Outgoing Email is sent - Crow Canyon Software Support
153 - SharePoint Online_ Report to show number of items by week number in a time period - Crow Canyon Soft.html,153.html,SharePoint Online: Report to show number of items by week number in a time period - Crow Canyon Software Support
155 - Send an email to requester asking for more details when ticket status is changed and include Employe.html,155.html,Send an email to requester asking for more details when ticket status is changed and include Employee Portal Ticket Url in the Email - Crow Canyon Software Support
156 - Send an email to Assigned Staff when comments are added in Work Log field - Crow Canyon Software Sup.html,156.html,Send an email to Assigned Staff when comments are added in Work Log field - Crow Canyon Software Support
158 - O365 Service Request_ Show_Hide tabs in list item form based on the selected Category - Crow Canyon.html,158.html,O365 Service Request: Show/Hide tabs in list item form based on the selected Category - Crow Canyon Software Support
159 - Create a report on closed tickets which exceeded Due Date.html,159.html,Create a report on closed tickets which exceeded Due Date - Crow Canyon Software Support
16 - Ensure user enters the value for lookup field (e.g. Category for Tickets list item).html,016.html,Ensure user enters the value for lookup field (e.g. Category for Tickets list item) - Crow Canyon Software Support
160 - Ensure user enters the value for lookup field (e.g. Category for Tickets list item) - Crow Canyon So.html,160.html,Ensure user enters the value for lookup field (e.g. Category for Tickets list item) - Crow Canyon Software Support
161 - Create a Report on Contracts expiring in 90 days by Asset Location.html,161.html,Create a Report on Contracts expiring in 90 days by Asset Location - Crow Canyon Software Support
162 - Register license for Crow Canyon web parts.html,162.html,Register license for Crow Canyon web parts - Crow Canyon Software Support
163 - SharePoint Online_ Report to show number of items created per Week by Staff - Crow Canyon Software S.html,163.html,SharePoint Online: Report to show number of items created per Week by Staff - Crow Canyon Software Support
164 - View to show total Time spent by Staff.html,164.html,View to show total Time spent by Staff - Crow Canyon Software Support
165 - Add sites to Compatibility mode and Trusted sites.html,165.html,Add sites to Compatibility mode and Trusted sites - Crow Canyon Software Support
166 - Configure Crow Canyon Redirect Web Part.html,166.html,Configure Crow Canyon Redirect Web Part - Crow Canyon Software Support
167 - SharePoint Online_ Auto fill Category and_or Issue Type on Email to Ticket conversion - Crow Canyon.html,167.html,SharePoint Online: Auto fill Category and/or Issue Type on Email to Ticket conversion - Crow Canyon Software Support
168 - SharePoint Online_ Tab Permissions Example – Show Tabs based on a field value - Crow Canyon Software.html,168.html,SharePoint Online: Tab Permissions Example – Show Tabs based on a field value - Crow Canyon Software Support
169 - How to create Application Administration button in Crow Canyon service areas_ - Crow Canyon Software.html,169.html,How to create Application Administration button in Crow Canyon service areas? - Crow Canyon Software Support
17 - Move Ticket to a different service area_site using Crow Canyon Workflow Manager.html,017.html,Move Ticket to a different service area/site using Crow Canyon Workflow Manager - Crow Canyon Software Support
170 - Move Ticket to a different service area_site using Crow Canyon Workflow Manager - Crow Canyon Softwa.html,170.html,Move Ticket to a different service area/site using Crow Canyon Workflow Manager - Crow Canyon Software Support
171 - Configure Main Category on top of Category and Issue Types in Crow Canyon application - Crow Canyon.html,171.html,Configure Main Category on top of Category and Issue Types in Crow Canyon application - Crow Canyon Software Support
172 - Configure Survey on O365 Crow Canyon Service Area.html,172.html,Configure Survey on O365 Crow Canyon Service Area - Crow Canyon Software Support
174 - Configure Dialog Resize script – O365.html,174.html,Configure Dialog Resize script – O365 - Crow Canyon Software Support
175 - Close Ticket while sending an Outgoing Email in SPOnline.html,175.html,Close Ticket while sending an Outgoing Email in SPOnline - Crow Canyon Software Support
176 - Service Level Agreement (Response Due) using Workflow Manager – O365.html,176.html,Service Level Agreement (Response Due) using Workflow Manager – O365 - Crow Canyon Software Support
177 - Basic settings for Ticket Satisfaction Survey – O365.html,177.html,Basic settings for Ticket Satisfaction Survey – O365 - Crow Canyon Software Support
184 - Modifying the ‘Request Status’ values for Service Request Tickets.html,184.html,Modifying the ‘Request Status’ values for Service Request Tickets - Crow Canyon Software Support
186 - Configure Survey for every Nth Ticket in Crow Canyon Service Request Applications - Crow Canyon Soft.html,186.html,Configure Survey for every Nth Ticket in Crow Canyon Service Request Applications - Crow Canyon Software Support
187 - Configure Survey Analysis and Advanced Reports on Survey Data in O365.html,187.html,Configure Survey Analysis and Advanced Reports on Survey Data in O365 - Crow Canyon Software Support
188 - Survey configuration in O365 Crow Canyon Service Area.html,188.html,Survey configuration in O365 Crow Canyon Service Area - Crow Canyon Software Support
189 - How to Copy Survey Data to Tickets in Survey functionality_.html,189.html,How to Copy Survey Data to Tickets in Survey functionality? - Crow Canyon Software Support
190 - Configure Reports on Survey data in Tickets list.html,190.html,Configure Reports on Survey data in Tickets list - Crow Canyon Software Support
192 - SharePoint Online_ Filter Assets based on the Requester of the Ticket.html,192.html,SharePoint Online: Filter Assets based on the Requester of the Ticket - Crow Canyon Software Support
193 - Configure Archival functionality in O365 Crow Canyon Helpdesk using Workflow Manager app - Crow Cany.html,193.html,Configure Archival functionality in O365 Crow Canyon Helpdesk using Workflow Manager app - Crow Canyon Software Support
194 - Auto Populate Requester Properties dynamically when Requester is changed - Crow Canyon Software Supp.html,194.html,Auto Populate Requester Properties dynamically when Requester is changed - Crow Canyon Software Support
195 - Configure Survey from Portal in O365.html,195.html,Configure Survey from Portal in O365 - Crow Canyon Software Support
196 - Auto Redirect page configuration in O365.html,196.html,Auto Redirect page configuration in O365 - Crow Canyon Software Support
197 - Frequently asked questions on Configurable Portal.html,197.html,Frequently asked questions on Configurable Portal - Crow Canyon Software Support
198 - Configuration of Click availability for CaseId.html,198.html,Configuration of Click availability for CaseId - Crow Canyon Software Support
199 - Configurations on User Information List.html,199.html,Configurations on User Information List - Crow Canyon Software Support
200 - Default User Profile Properties.html,200.html,Default User Profile Properties - Crow Canyon Software Support
201 - Crow Canyon license manager shows expired error message in Central Administration in SP 2010 _ SP 20.html,201.html,Crow Canyon license manager shows expired error message in Central Administration in SP 2010 / SP 2013 - Crow Canyon Software Support
203 - User properties Update in SharePoint.html,203.html,(no title tag)
2031 - Page 2031.html,203.html,(no title tag)
2033 - Page 2033.html,203.html,(no title tag)
2037 - Page 2037.html,203.html,(no title tag)
204 - Crow Canyon Excel-to-SharePoint Import tool.html,204.html,Crow Canyon Excel-to-SharePoint Import tool - Crow Canyon Software Support
205 - Ticket and Assignment Actions_ Not allowed to perform this action message appears when try to using.html,205.html,Ticket and Assignment Actions: Not allowed to perform this action message appears when try to using them - Crow Canyon Software Support
"208 - Portal Form controls are not loading in I.E., how to resolve_.html",208.html,"Portal Form controls are not loading in I.E., how to resolve? - Crow Canyon Software Support"
209 - How to configure ‘User Information_Requester Properties’ in portal pages_ - Crow Canyon Software Sup.html,209.html,How to configure ‘User Information/Requester Properties’ in portal pages? - Crow Canyon Software Support
21 - How to configure Portal Theme settings and how to upload own theme css file_.html,021.html,How to configure Portal Theme settings and how to upload own theme css file? - Crow Canyon Software Support
210 - How to configure Portal Theme settings and how to upload own theme css file_ - Crow Canyon Software.html,210.html,How to configure Portal Theme settings and how to upload own theme css file? - Crow Canyon Software Support
211 - Frequently asked questions in Configurable Employee Portal.html,211.html,Frequently asked questions in Configurable Employee Portal - Crow Canyon Software Support
212 - Requester Details are not populating in Configurable Portal.html,212.html,Requester Details are not populating in Configurable Portal - Crow Canyon Software Support
213 - How to auto set category when Tickets gets created via Email_.html,213.html,How to auto set category when Tickets gets created via Email? - Crow Canyon Software Support
214 - Notify Assigned Staff for every Worklog update in Ticket.html,214.html,Notify Assigned Staff for every Worklog update in Ticket - Crow Canyon Software Support
215 - Configure Email to Ticket conversion feature for multiple incoming email addresses - Crow Canyon Sof.html,215.html,Configure Email to Ticket conversion feature for multiple incoming email addresses - Crow Canyon Software Support
216 - How to resolve Person or group field wrong entries in forms_.html,216.html,How to resolve Person or group field wrong entries in forms? - Crow Canyon Software Support
220 - Crow Canyon On-premisis solutions description.html,220.html,Crow Canyon On-premisis solutions description - Crow Canyon Software Support
223 - Configure Workflow to delete old items from Send Mails list.html,223.html,Configure Workflow to delete old items from Send Mails list - Crow Canyon Software Support
224 - How to configure report on current week items_.html,224.html,How to configure report on current week items? - Crow Canyon Software Support
225 - Workflows required for outgoing emails in NITRO applications.html,225.html,Workflows required for outgoing emails in NITRO applications - Crow Canyon Software Support
226 - How to configure Service Catalog Page in Portal_.html,226.html,How to configure Service Catalog Page in Portal? - Crow Canyon Software Support
227 - Basic permissions configurations in Crow Canyon Service Request Application - Crow Canyon Software S.html,227.html,Basic permissions configurations in Crow Canyon Service Request Application - Crow Canyon Software Support
229 - How to generate diagnostic logs for Crow Canyon solutions for SharePoint On-premises_ - Crow Canyon.html,229.html,How to generate diagnostic logs for Crow Canyon solutions for SharePoint On-premises? - Crow Canyon Software Support
231 - How to get SharePoint logs based on a Correlation ID_.html,231.html,How to get SharePoint logs based on a Correlation ID? - Crow Canyon Software Support
232 - How to configure a conditional column validation in SharePoint Online_ - Crow Canyon Software Suppor.html,232.html,How to configure a conditional column validation in SharePoint Online? - Crow Canyon Software Support
234 - How to configure Recurrence Feature in SP online helpdesk using Workflow Manager App_ - Crow Canyon.html,234.html,How to configure Recurrence Feature in SP online helpdesk using Workflow Manager App? - Crow Canyon Software Support
236 - How to setup Recurrence functionality in SharePoint online using Crow Canyon Workflow Manager App_ -.html,236.html,How to setup Recurrence functionality in SharePoint online using Crow Canyon Workflow Manager App? - Crow Canyon Software Support
237 - Examples for configuring Recurring Tickets (Weekly_Specific Date).html,237.html,Examples for configuring Recurring Tickets (Weekly/Specific Date) - Crow Canyon Software Support
239 - How to build complex reports in Crow Canyon Reports using SharePoint calculated columns_ - Crow Cany.html,239.html,How to build complex reports in Crow Canyon Reports using SharePoint calculated columns? - Crow Canyon Software Support
24 - How to notify certain users when a ticket is created using Crow Canyon Workflow Manager_.html,024.html,How to notify certain users when a ticket is created using Crow Canyon Workflow Manager? - Crow Canyon Software Support
241 - How to notify certain users when a ticket is created using Crow Canyon Workflow Manager_ - Crow Cany.html,241.html,How to notify certain users when a ticket is created using Crow Canyon Workflow Manager? - Crow Canyon Software Support
242 - “Value does not fall with in the expected range” error in Crow Canyon Report Center app - Crow Canyo.html,242.html,“Value does not fall with in the expected range” error in Crow Canyon Report Center app - Crow Canyon Software Support
243 - Improve performance of the tickets list forms in Crow Canyon Service desk application - Crow Canyon.html,243.html,Improve performance of the tickets list forms in Crow Canyon Service desk application - Crow Canyon Software Support
244 - How to fix unexpected errors when clicking on SharePoint “Date and Time” field_ - Crow Canyon Softwa.html,244.html,How to fix unexpected errors when clicking on SharePoint “Date and Time” field? - Crow Canyon Software Support
245 - How to auto assign a Ticket based on Sender email address_.html,245.html,How to auto assign a Ticket based on Sender email address? - Crow Canyon Software Support
246 - Configure incoming email functionality for Problems and Change Requests Modules using Workflow Manag.html,246.html,Configure incoming email functionality for Problems and Change Requests Modules using Workflow Manager - Crow Canyon Software Support
247 - Work Log text is not getting saved in the ticket.html,247.html,Work Log text is not getting saved in the ticket - Crow Canyon Software Support
248 - Configure Portal Security settings for user redirection.html,248.html,Configure Portal Security settings for user redirection - Crow Canyon Software Support
249 - How to upgrade Crow Canyon apps in O365_.html,249.html,How to upgrade Crow Canyon apps in O365? - Crow Canyon Software Support
25 - How to configure Email functionality in Crow Canyon Print App (Share)_.html,025.html,How to configure Email functionality in Crow Canyon Print App (Share)? - Crow Canyon Software Support
250 - How to configure Email functionality in Crow Canyon Print App (Share)_ - Crow Canyon Software Suppor.html,250.html,How to configure Email functionality in Crow Canyon Print App (Share)? - Crow Canyon Software Support
251 - How to configure column Permissions using Crow Canyon Forms Manager_.html,251.html,How to configure column Permissions using Crow Canyon Forms Manager? - Crow Canyon Software Support
253 - Configure a workflow using Crow Canyon workflow manager to notify ticket requester on resolving a ti.html,253.html,Configure a workflow using Crow Canyon workflow manager to notify ticket requester on resolving a ticket - Crow Canyon Software Support
254 - How to configure a workflow to auto close a ticket after 2 days from its ‘Resolved’ status - Crow Ca.html,254.html,How to configure a workflow to auto close a ticket after 2 days from its ‘Resolved’ status - Crow Canyon Software Support
255 - How to add images in Print templates of Crow Canyon Print Manager app_ - Crow Canyon Software Suppor.html,255.html,How to add images in Print templates of Crow Canyon Print Manager app? - Crow Canyon Software Support
"256 - How to upgrade Crow Canyon Provider Hosted Apps (Email Sync, Nitro Workflows, Advanced Approvals) -.html",256.html,"How to upgrade Crow Canyon Provider Hosted Apps (Email Sync, Nitro Workflows, Advanced Approvals) - Crow Canyon Software Support"
257 - How to address missing tickets creation for incoming emails due to list view threshold limit_ - Crow.html,257.html,How to address missing tickets creation for incoming emails due to list view threshold limit? - Crow Canyon Software Support
258 - How to use Crow Canyon Product App to execute the functionality for the missing events on Email Tick.html,258.html,How to use Crow Canyon Product App to execute the functionality for the missing events on Email Tickets and Tickets list? - Crow Canyon Software Support
259 - How to Create a Web Part Page page_.html,259.html,How to Create a Web Part Page page? - Crow Canyon Software Support
260 - How to configure a report in Workspace pages_.html,260.html,How to configure a report in Workspace pages? - Crow Canyon Software Support
261 - How to add a report app in Workspace page_.html,261.html,How to add a report app in Workspace page? - Crow Canyon Software Support
263 - How to add Crow Canyon List search webpart to workspace page_.html,263.html,How to add Crow Canyon List search webpart to workspace page? - Crow Canyon Software Support
264 - How to add a list view web part to a Workspace (Web Part page)_.html,264.html,How to add a list view web part to a Workspace (Web Part page)? - Crow Canyon Software Support
265 - How to build a report to show Open tickets vs Closed tickets by month_ - Crow Canyon Software Suppor.html,265.html,How to build a report to show Open tickets vs Closed tickets by month? - Crow Canyon Software Support
266 - How to Roundup a column “Elapsed hours” into blocks of 5_.html,266.html,How to Roundup a column “Elapsed hours” into blocks of 5? - Crow Canyon Software Support
267 - How to build a report to show the tickets which are created in previous month but closed in current.html,267.html,How to build a report to show the tickets which are created in previous month but closed in current month? - Crow Canyon Software Support
268 - How to build a report to see the average number of days tickets are open_ - Crow Canyon Software Sup.html,268.html,How to build a report to see the average number of days tickets are open? - Crow Canyon Software Support
269 - How to configure a report to see average ticket assignment time in hours_ - Crow Canyon Software Sup.html,269.html,How to configure a report to see average ticket assignment time in hours? - Crow Canyon Software Support
27 - How to build a report to see number of tickets created on week days_week ends_.html,027.html,How to build a report to see number of tickets created on week days/week ends? - Crow Canyon Software Support
270 - How to build a report to see number of tickets created on week days_week ends_ - Crow Canyon Softwar.html,270.html,How to build a report to see number of tickets created on week days/week ends? - Crow Canyon Software Support
271 - How to create and configure a Workspace in Crow Canyon Application_.html,271.html,How to create and configure a Workspace in Crow Canyon Application? - Crow Canyon Software Support
273 - Re-open a closed ticket in Crow Canyon Help Desk application from Employee portal - Crow Canyon Soft.html,273.html,Re-open a closed ticket in Crow Canyon Help Desk application from Employee portal - Crow Canyon Software Support
277 - Troubleshoot Archival functionality issues.html,277.html,Troubleshoot Archival functionality issues - Crow Canyon Software Support
279 - How to configure Internal Staff Knowledge Base Articles_.html,279.html,How to configure Internal Staff Knowledge Base Articles? - Crow Canyon Software Support
28 - Populate Requester and its metadata in Ticket in Service Request application in On-Premises environment.html,028.html,Populate Requester and its metadata in Ticket in Service Request application in On-Premises environment - Crow Canyon Software Support
280 - Populate Requester and its metadata in Ticket in Service Request application in On-Premises environm.html,280.html,Populate Requester and its metadata in Ticket in Service Request application in On-Premises environment - Crow Canyon Software Support
281 - Incoming emails are not converted as tickets or not linked as they supposed to be - Crow Canyon Soft.html,281.html,Incoming emails are not converted as tickets or not linked as they supposed to be - Crow Canyon Software Support
282 - Auto set Due Date based on the ticket Issue Type.html,282.html,Auto set Due Date based on the ticket Issue Type - Crow Canyon Software Support
283 - How to increase maxJsonLength property to its maximum value for a SharePoint Web application_ - Crow.html,283.html,How to increase maxJsonLength property to its maximum value for a SharePoint Web application? - Crow Canyon Software Support
285 - How to Configure Recurrence feature functionality in Helpdesk using Workflow Manager App_ - Crow Can.html,285.html,How to Configure Recurrence feature functionality in Helpdesk using Workflow Manager App? - Crow Canyon Software Support
286 - SLA based on Priority of the Ticket to Update Due Date and configure alerts - Crow Canyon Software S.html,286.html,SLA based on Priority of the Ticket to Update Due Date and configure alerts - Crow Canyon Software Support
"287 - Apply SLA to update Ticket Due Date, Assign Due Time, Response Due Time when Ticket is created and m.html",287.html,"Apply SLA to update Ticket Due Date, Assign Due Time, Response Due Time when Ticket is created and modified - Crow Canyon Software Support"
288 - SLA workflows to notify users for Overdue tickets.html,288.html,SLA workflows to notify users for Overdue tickets - Crow Canyon Software Support
289 - Update Solved Date automatically after modifying ticket status as Solved - Crow Canyon Software Supp.html,289.html,Update Solved Date automatically after modifying ticket status as Solved - Crow Canyon Software Support
290 - Auto Categorize tickets based on mail subject of the incoming email.html,290.html,Auto Categorize tickets based on mail subject of the incoming email - Crow Canyon Software Support
293 - Remove event receivers in a SharePoint list.html,293.html,Remove event receivers in a SharePoint list - Crow Canyon Software Support
"295 - How to export items of a Survey list to excel along with Created, Modified Date columns_ - Crow Cany.html",295.html,"How to export items of a Survey list to excel along with Created, Modified Date columns? - Crow Canyon Software Support"
296 - Configure a timer workflow to remind users after 2 hours of a high priority ticket creation if the t.html,296.html,Configure a timer workflow to remind users after 2 hours of a high priority ticket creation if the ticket is not closed - Crow Canyon Software Support
297 - Frequently asked questions for Crow Canyon Email Sync App.html,297.html,Frequently asked questions for Crow Canyon Email Sync App - Crow Canyon Software Support
299 - Configure Approver functionality using NITRO Workflow Manager.html,299.html,Configure Approver functionality using NITRO Workflow Manager - Crow Canyon Software Support
30 - Configure Approver functionality using NITRO Workflow Manager – Workflow 1.html,030.html,Configure Approver functionality using NITRO Workflow Manager – Workflow 1 - Crow Canyon Software Support
300 - Configure Approver functionality using NITRO Workflow Manager – Workflow 1 - Crow Canyon Software Su.html,300.html,Configure Approver functionality using NITRO Workflow Manager – Workflow 1 - Crow Canyon Software Support
301 - Configure Approver functionality using NITRO Workflow Manager – Workflow 2 - Crow Canyon Software Su.html,301.html,Configure Approver functionality using NITRO Workflow Manager – Workflow 2 - Crow Canyon Software Support
302 - Configure Approver functionality using NITRO Workflow Manager – Workflows 3 and 4 - Crow Canyon Soft.html,302.html,Configure Approver functionality using NITRO Workflow Manager – Workflows 3 and 4 - Crow Canyon Software Support
303 - Crow Canyon O365 apps and feature description.html,303.html,Crow Canyon O365 apps and feature description - Crow Canyon Software Support
304 - How to customize SharePoint list view filter conditions using SharePoint Designer_ - Crow Canyon Sof.html,304.html,How to customize SharePoint list view filter conditions using SharePoint Designer? - Crow Canyon Software Support
306 - Configure mail template with Case Id - Crow Canyon.html,306.html,How to configure mail template in Workflow Manager with Case Id syntax [CaseId: value]? - Crow Canyon Software Support
308 - How to configure external email address as “From Address” in the Notifications Utilities_ - Crow Can.html,308.html,How to configure external email address as “From Address” in the Notifications Utilities? - Crow Canyon Software Support
310 - How to retract and remove Crow Canyon farm solutions.html,310.html,How to retract and remove Crow Canyon farm solutions - Crow Canyon Software Support
311 - Instructions to add and deploy Crow Canyon Farm solution.html,311.html,Instructions to add and deploy Crow Canyon Farm solution - Crow Canyon Software Support
312 - Installation steps for clean install of SharePoint solutions for Crow Canyon HelpDesk Application -.html,312.html,Installation steps for clean install of SharePoint solutions for Crow Canyon HelpDesk Application - Crow Canyon Software Support
313 - Troubleshooting steps for Email to Ticket conversion functionality.html,313.html,Troubleshooting steps for Email to Ticket conversion functionality - Crow Canyon Software Support
314 - How to configure email notification on status change using Crow Canyon Workflow Manager - Crow Canyo.html,314.html,How to configure email notification on status change using Crow Canyon Workflow Manager - Crow Canyon Software Support
315 - Notify Requester_Staff whenever there is an update to the ticket Work Log - Crow Canyon Software Sup.html,315.html,Notify Requester/Staff whenever there is an update to the ticket Work Log - Crow Canyon Software Support
316 - SharePoint On-Premises_ How to create new set of Lists for Archival.html,316.html,SharePoint On-Premises: How to create new set of Lists for Archival - Crow Canyon Software Support
317 - How to reopen a ticket if email comes for an existing closed ticket_.html,317.html,How to reopen a ticket if email comes for an existing closed ticket? - Crow Canyon Software Support
318 - How to configure a report to see the Average Elapsed Hours by Priority_ - Crow Canyon Software Suppo.html,318.html,How to configure a report to see the Average Elapsed Hours by Priority? - Crow Canyon Software Support
319 - How to troubleshoot Report Center issues_.html,319.html,How to troubleshoot Report Center issues? - Crow Canyon Software Support
32 - Item attachments handling for Crow Canyon NITRO Forms and Portal (SharePoint Online).html,032.html,Item attachments handling for Crow Canyon NITRO Forms and Portal (SharePoint Online) - Crow Canyon Software Support
320 - Item attachments handling for Crow Canyon NITRO Forms and Portal (SharePoint Online) - Crow Canyon S.html,320.html,Item attachments handling for Crow Canyon NITRO Forms and Portal (SharePoint Online) - Crow Canyon Software Support
321 - Problems functionality in Crow Canyon Application.html,321.html,Problems functionality in Crow Canyon Application - Crow Canyon Software Support
322 - Incoming and Outgoing emails configuration in Crow Canyon Application.html,322.html,Incoming and Outgoing emails configuration in Crow Canyon Application - Crow Canyon Software Support
324 - How to show SharePoint generated unique Id of list item in the display and edit form of the item - C.html,324.html,How to show SharePoint generated unique Id of list item in the display and edit form of the item - Crow Canyon Software Support
325 - How to add Change Request description to the Approval Task_.html,325.html,How to add Change Request description to the Approval Task? - Crow Canyon Software Support
"326 - In HelpDesk product email notifications to requester, how to send Ticket links with Portal URL - Cro.html",326.html,"In HelpDesk product email notifications to requester, how to send Ticket links with Portal URL - Crow Canyon Software Support"
327 - Troubleshooting steps for Outgoing emails in Crow Canyon application.html,327.html,Troubleshooting steps for Outgoing emails in Crow Canyon application - Crow Canyon Software Support
328 - Item attachments handling in Crow Canyon NITRO Forms and Power Portal (SharePoint On-premises 2013 a.html,328.html,Item attachments handling in Crow Canyon NITRO Forms and Power Portal (SharePoint On-premises 2013 and 2016) - Crow Canyon Software Support
329 - Troubleshooting steps for Crow Canyon Employee Portal.html,329.html,Troubleshooting steps for Crow Canyon Employee Portal - Crow Canyon Software Support
330 - A list column is not visible in the forms.html,330.html,A list column is not visible in the forms - Crow Canyon Software Support
331 - How to make lookup column mandatory while not selecting any value as default - Crow Canyon Software.html,331.html,How to make lookup column mandatory while not selecting any value as default - Crow Canyon Software Support
333 - How to remove additional line spaces when you hit enter in Rich text field in SharePoint - Crow Cany.html,333.html,How to remove additional line spaces when you hit enter in Rich text field in SharePoint - Crow Canyon Software Support
334 - SharePoint Online_ Uninstall steps for Crow Canyon Application.html,334.html,SharePoint Online: Uninstall steps for Crow Canyon Application - Crow Canyon Software Support
335 - Archival functionality in Crow Canyon Application.html,335.html,Archival functionality in Crow Canyon Application - Crow Canyon Software Support
336 - Crow Canyon Advanced Email and other custom action buttons are not shown in Items ribbon of SharePoi.html,336.html,Crow Canyon Advanced Email and other custom action buttons are not shown in Items ribbon of SharePoint - Crow Canyon Software Support
338 - How to bulk delete items from SharePoint list_.html,338.html,How to bulk delete items from SharePoint list? - Crow Canyon Software Support
339 - Attachments not getting added to the item from the Portal forms – Save Conflict error - Crow Canyon.html,339.html,Attachments not getting added to the item from the Portal forms – Save Conflict error - Crow Canyon Software Support
340 - Portal search shows the results as DispForm.aspx.html,340.html,Portal search shows the results as DispForm.aspx - Crow Canyon Software Support
341 - SharePoint Online_ Troubleshooting steps for Outgoing emails in Crow Canyon Applications - Crow Cany.html,341.html,SharePoint Online: Troubleshooting steps for Outgoing emails in Crow Canyon Applications - Crow Canyon Software Support
342 - Prevent duplicate_continuous ticket creation and auto notification.html,342.html,Prevent duplicate/continuous ticket creation and auto notification - Crow Canyon Software Support
343 - Troubleshooting steps for Custom Actions in Crow Canyon Application.html,343.html,Troubleshooting steps for Custom Actions in Crow Canyon Application - Crow Canyon Software Support
344 - Instructions to activate and deactivate Crow Canyon Farm features.html,344.html,Instructions to activate and deactivate Crow Canyon Farm features - Crow Canyon Software Support
345 - Upgrading Crow Canyon Workflow Manager to Crow Canyon NITRO Workflows App - Crow Canyon Software Sup.html,345.html,Upgrading Crow Canyon Workflow Manager to Crow Canyon NITRO Workflows App - Crow Canyon Software Support
346 - How to update portal page links after upgrading to new designer based forms - Crow Canyon Software S.html,346.html,How to update portal page links after upgrading to new designer based forms - Crow Canyon Software Support
347 - How to send mail from a SharePoint list item with one click.html,347.html,How to send mail from a SharePoint list item with one click - Crow Canyon Software Support
348 - Installation of Outlook Addin for Crow Canyon Product.html,348.html,Installation of Outlook Addin for Crow Canyon Product - Crow Canyon Software Support
349 - How to use internal mailbox for sending mails from NITRO Workflow Manager and Approval App - Crow Ca.html,349.html,How to use internal mailbox for sending mails from NITRO Workflow Manager and Approval App - Crow Canyon Software Support
35 - How to configure Recurrence feature using Crow Canyon NITRO Workflows_.html,035.html,How to configure Recurrence feature using Crow Canyon NITRO Workflows? - Crow Canyon Software Support
350 - How to configure Recurrence feature using Crow Canyon NITRO Workflows_ - Crow Canyon Software Suppor.html,350.html,How to configure Recurrence feature using Crow Canyon NITRO Workflows? - Crow Canyon Software Support
352 - How to configure the Portal Forms to open in Dialog Form_.html,352.html,How to configure the Portal Forms to open in Dialog Form? - Crow Canyon Software Support
36 - How to create Managed Properties to use Property restrictions in SharePoint Search box.html,036.html,How to create Managed Properties to use Property restrictions in SharePoint Search box - Crow Canyon Software Support
360 - How to create Managed Properties to use Property restrictions in SharePoint Search box - Crow Canyon.html,360.html,How to create Managed Properties to use Property restrictions in SharePoint Search box - Crow Canyon Software Support
361 - Upgrade Crow Canyon application for SharePoint Online to NITRO based application version - Crow Cany.html,361.html,Upgrade Crow Canyon application for SharePoint Online to NITRO based application version - Crow Canyon Software Support
362 - How to modify the default “Save” and “Cancel” buttons in Nitro forms and Portal_ - Crow Canyon Softw.html,362.html,How to modify the default “Save” and “Cancel” buttons in Nitro forms and Portal? - Crow Canyon Software Support
363 - How to configure Recurrence feature in SharePoint Online using Calendar list - Crow Canyon Software.html,363.html,How to configure Recurrence feature in SharePoint Online using Calendar list - Crow Canyon Software Support
364 - Requester approval for resolved Ticket and auto close ticket if requester does not respond - Crow Ca.html,364.html,Requester approval for resolved Ticket and auto close ticket if requester does not respond - Crow Canyon Software Support
365 - Send mail with unassigned Tickets information for a particular category to a group of people daily -.html,365.html,Send mail with unassigned Tickets information for a particular category to a group of people daily - Crow Canyon Software Support
367 - SharePoint list item is not getting saved on clicking “Save” button.html,367.html,SharePoint list item is not getting saved on clicking “Save” button - Crow Canyon Software Support
368 - Troubleshooting Excel to SharePoint Tool.html,368.html,Troubleshooting Excel to SharePoint Tool - Crow Canyon Software Support
369 - Troubleshooting Crow Canyon Lansweeper Integration Web Part.html,369.html,Troubleshooting Crow Canyon Lansweeper Integration Web Part - Crow Canyon Software Support
371 - Troubleshooting Portal forms.html,371.html,Troubleshooting Portal forms - Crow Canyon Software Support
372 - How to insert the placeholders of list columns in the Workflow Manager condition builder - Crow Cany.html,372.html,How to insert the placeholders of list columns in the Workflow Manager condition builder - Crow Canyon Software Support
373 - How to update “Total Maintenance Cost” in Asset based on its related maintenance tasks sub total - C.html,373.html,How to update “Total Maintenance Cost” in Asset based on its related maintenance tasks sub total - Crow Canyon Software Support
374 - Functionality of multiple forms on same SharePoint list in Crow Canyon NITRO Forms and Portal - Crow.html,374.html,Functionality of multiple forms on same SharePoint list in Crow Canyon NITRO Forms and Portal - Crow Canyon Software Support
375 - How to create new item from an existing item in Portal_.html,375.html,How to create new item from an existing item in Portal? - Crow Canyon Software Support
376 - Add ‘Main Category’ to filter Category values in NITRO Forms.html,376.html,Add ‘Main Category’ to filter Category values in NITRO Forms - Crow Canyon Software Support
377 - How to configure and apply custom theme using Crow Canyon Branding_.html,377.html,How to configure and apply custom theme using Crow Canyon Branding? - Crow Canyon Software Support
378 - Configure rich print templates using Crow Canyon Print Manager App.html,378.html,Configure rich print templates using Crow Canyon Print Manager App - Crow Canyon Software Support
379 - Data security in NITRO Apps.html,379.html,Data security in NITRO Apps - Crow Canyon Software Support
38 - How to configure approve via email feature using NITRO Workflow Manager.html,038.html,How to configure approve via email feature using NITRO Workflow Manager - Crow Canyon Software Support
380 - How to configure approve via email feature using NITRO Workflow Manager - Crow Canyon Software Suppo.html,380.html,How to configure approve via email feature using NITRO Workflow Manager - Crow Canyon Software Support
381 - How to upgrade Crow Canyon solutions in the SharePoint Server.html,381.html,How to upgrade Crow Canyon solutions in the SharePoint Server - Crow Canyon Software Support
382 - Admin operations on different Crow Canyon On-Premises Solutions and features - Crow Canyon Software.html,382.html,Admin operations on different Crow Canyon On-Premises Solutions and features - Crow Canyon Software Support
383 - How to Upgrade Forms Manager Forms to NITRO Forms in On Premises.html,383.html,How to Upgrade Forms Manager Forms to NITRO Forms in On Premises - Crow Canyon Software Support
384 - How to enable Email Integration in Crow Canyon NITRO applications_.html,384.html,How to enable Email Integration in Crow Canyon NITRO applications? - Crow Canyon Software Support
385 - How to convert the Crow Canyon NITRO Trial license to Subscription_Enterprise license_ - Crow Canyon.html,385.html,How to convert the Crow Canyon NITRO Trial license to Subscription/Enterprise license? - Crow Canyon Software Support
386 - How to convert the Crow Canyon Power Portal Trial license to Subscription_Enterprise license_ - Crow.html,386.html,How to convert the Crow Canyon Power Portal Trial license to Subscription/Enterprise license? - Crow Canyon Software Support
387 - Install Crow Canyon NITRO Studio using Site Collection Framework App.html,387.html,Install Crow Canyon NITRO Studio using Site Collection Framework App - Crow Canyon Software Support
389 - SP Online_ Manage NITRO Studio.html,389.html,SP Online: Manage NITRO Studio - Crow Canyon Software Support
390 - How to integrate Assets with Purchase Request System_.html,390.html,How to integrate Assets with Purchase Request System? - Crow Canyon Software Support
391 - Crow Canyon Onboarding Application Task Details.html,391.html,Crow Canyon Onboarding Application Task Details - Crow Canyon Software Support
392 - Uninstall steps for Crow Canyon NITRO Application.html,392.html,Uninstall steps for Crow Canyon NITRO Application - Crow Canyon Software Support
393 - How to address “Chrome detected unusual code on this page and blocker it to protect your personal in.html,393.html,How to address “Chrome detected unusual code on this page and blocker it to protect your personal information” error in Google Chrome browser when modifying web part pages? - Crow Canyon Software Support
394 - Placeholders Syntax for different types of Mail Templates in Crow Canyon Application - Crow Canyon S.html,394.html,Placeholders Syntax for different types of Mail Templates in Crow Canyon Application - Crow Canyon Software Support
395 - How to configure permissions to show_hide a Quick Tile in Portal site for a SharePoint Group - Crow.html,395.html,How to configure permissions to show/hide a Quick Tile in Portal site for a SharePoint Group - Crow Canyon Software Support
396 - Email flow in Crow Canyon SharePoint Online Helpdesk application.html,396.html,Email flow in Crow Canyon SharePoint Online Helpdesk application - Crow Canyon Software Support
397 - Troubleshooting steps for Crow Canyon NITRO Applications.html,397.html,Troubleshooting steps for Crow Canyon NITRO Applications - Crow Canyon Software Support
398 - Steps to integrate Bot Application with Crow Canyon applications.html,398.html,Steps to integrate Bot Application with Crow Canyon applications - Crow Canyon Software Support
399 - How to Configure NLP based list search in Crow Canyon Search Web Part_ - Crow Canyon Software Suppor.html,399.html,How to Configure NLP based list search in Crow Canyon Search Web Part? - Crow Canyon Software Support
400 - Troubleshooting Steps For Crow Canyon Data Sync Service.html,400.html,Troubleshooting Steps For Crow Canyon Data Sync Service - Crow Canyon Software Support
401 - Columns used in Out of the box features in Crow Canyon Assets Management application - Crow Canyon S.html,401.html,Columns used in Out of the box features in Crow Canyon Assets Management application - Crow Canyon Software Support
"402 - Control access to Tickets in Crow Canyon applications (IT, Facilities and Requests Management) - Cro.html",402.html,"Control access to Tickets in Crow Canyon applications (IT, Facilities and Requests Management) - Crow Canyon Software Support"
403 - How to implement Crow Canyon Ticketing System for different departments_ - Crow Canyon Software Supp.html,403.html,How to implement Crow Canyon Ticketing System for different departments? - Crow Canyon Software Support
404 - Configuration of LAN Sweeper Integration.html,404.html,Configuration of LAN Sweeper Integration - Crow Canyon Software Support
405 - Configuration of SCCM Integration.html,405.html,Configuration of SCCM Integration - Crow Canyon Software Support
406 - How to Change Case ID syntax in our Crow Canyon Application.html,406.html,How to Change Case ID syntax in our Crow Canyon Application - Crow Canyon Software Support
407 - How to add additional close button for default sharepoint form at the top - Crow Canyon Software Sup.html,407.html,How to add additional close button for default sharepoint form at the top - Crow Canyon Software Support
408 - How to make Contract ID as manual entry_.html,408.html,How to make Contract ID as manual entry? - Crow Canyon Software Support
409 - Troubleshooting NITRO Forms.html,409.html,Troubleshooting NITRO Forms - Crow Canyon Software Support
41 - How to configure “Allow Fill-in choice” option in Crow Canyon NITRO forms_.html,041.html,How to configure “Allow Fill-in choice” option in Crow Canyon NITRO forms? - Crow Canyon Software Support
410 - How to configure “Allow Fill-in choice” option in Crow Canyon NITRO forms_ - Crow Canyon Software Su.html,410.html,How to configure “Allow Fill-in choice” option in Crow Canyon NITRO forms? - Crow Canyon Software Support
411 - How to Configure Additional level approval process in Contract Management application_ - Crow Canyon.html,411.html,How to Configure Additional level approval process in Contract Management application? - Crow Canyon Software Support
412 - Frequently asked questions in Contract Management application.html,412.html,Frequently asked questions in Contract Management application - Crow Canyon Software Support
413 - Crow Canyon NITRO apps launch behaviour in SharePoint On-Premises.html,413.html,Crow Canyon NITRO apps launch behaviour in SharePoint On-Premises - Crow Canyon Software Support
414 - Crow Canyon Data Sync service for two way sync between SharePoint list items and database table - Cr.html,414.html,Crow Canyon Data Sync service for two way sync between SharePoint list items and database table - Crow Canyon Software Support
415 - Manual and User Guide – DataSync (Auditing for SharePoint).html,415.html,Manual and User Guide – DataSync (Auditing for SharePoint) - Crow Canyon Software Support
417 - How to configure the Change Request Approval Tasks in Change Request form_ - Crow Canyon Software Su.html,417.html,How to configure the Change Request Approval Tasks in Change Request form? - Crow Canyon Software Support
418 - How to upgrade Crow Canyon Timer Job solution_.html,418.html,How to upgrade Crow Canyon Timer Job solution? - Crow Canyon Software Support
419 - How to replace Crow Canyon Batch actions with Crow Canyon Custom Actions_ - Crow Canyon Software Sup.html,419.html,How to replace Crow Canyon Batch actions with Crow Canyon Custom Actions? - Crow Canyon Software Support
42 - How to configure Round-Robin selection using Crow Canyon NITRO Workflows_.html,042.html,How to configure Round-Robin selection using Crow Canyon NITRO Workflows? - Crow Canyon Software Support
420 - How to configure Round-Robin selection using Crow Canyon NITRO Workflows_ - Crow Canyon Software Sup.html,420.html,How to configure Round-Robin selection using Crow Canyon NITRO Workflows? - Crow Canyon Software Support
421 - How to manage external user Information in Crow Canyon helpdesk application_ - Crow Canyon Software.html,421.html,How to manage external user Information in Crow Canyon helpdesk application? - Crow Canyon Software Support
422 - Custom CSS examples for NITRO Forms.html,422.html,Custom CSS examples for NITRO Forms - Crow Canyon Software Support
423 - How to include all Work Log Comments in Notification on Ticket close mails_ - Crow Canyon Software S.html,423.html,How to include all Work Log Comments in Notification on Ticket close mails? - Crow Canyon Software Support
424 - SharePoint Online_ Crow Canyon NITRO Studio Installation.html,424.html,SharePoint Online: Crow Canyon NITRO Studio Installation - Crow Canyon Software Support
425 - SharePoint Online_ Troubleshooting steps for Crow Canyon Reports.html,425.html,SharePoint Online: Troubleshooting steps for Crow Canyon Reports - Crow Canyon Software Support
426 - How to improve NITRO Forms performance using its unique features.html,426.html,How to improve NITRO Forms performance using its unique features - Crow Canyon Software Support
428 - Configuring permissions for List Views in Crow Canyon.html,428.html,Configuring permissions for List Views in Crow Canyon - Crow Canyon Software Support
429 - Troubleshooting steps for Crow Canyon Workflow Manger for On-Premises.html,429.html,Troubleshooting steps for Crow Canyon Workflow Manger for On-Premises - Crow Canyon Software Support
430 - How to configure simple archival functionality using Crow Canyon NITRO Workflow - Crow Canyon Softwa.html,430.html,How to configure simple archival functionality using Crow Canyon NITRO Workflow - Crow Canyon Software Support
431 - Permissions required for external users to use Modern UI (SPFx) components - Crow Canyon Software Su.html,431.html,Permissions required for external users to use Modern UI (SPFx) components - Crow Canyon Software Support
432 - Integrate Crow Canyon Contracts Application with Purchase Request System - Crow Canyon Software Supp.html,432.html,Integrate Crow Canyon Contracts Application with Purchase Request System - Crow Canyon Software Support
433 - Troubleshooting issues related to Crow Canyon Advanced Approvals App.html,433.html,Troubleshooting issues related to Crow Canyon Advanced Approvals App - Crow Canyon Software Support
434 - How to configure Header Properties in Modern sites_.html,434.html,How to configure Header Properties in Modern sites? - Crow Canyon Software Support
435 - How to apply color coding for tickets based on email communication (incoming_outgoing emails) for a.html,435.html,How to apply color coding for tickets based on email communication (incoming/outgoing emails) for a ticket - Crow Canyon Software Support
436 - Keyboard based navigation (AODA Compliance feature) in Crow Canyon Portal site - Crow Canyon Softwar.html,436.html,Keyboard based navigation (AODA Compliance feature) in Crow Canyon Portal site - Crow Canyon Software Support
437 - Configure a workflow to auto-close Ticket if all the associated tasks are completed - Crow Canyon So.html,437.html,Configure a workflow to auto-close Ticket if all the associated tasks are completed - Crow Canyon Software Support
438 - Troublingshooting steps for NITRO Modern UI.html,438.html,Troublingshooting steps for NITRO Modern UI - Crow Canyon Software Support
439 - Install Crow Canyon NITRO solutions for SharePoint On-Premises.html,439.html,Install Crow Canyon NITRO solutions for SharePoint On-Premises - Crow Canyon Software Support
440 - Configure a monthly count report on specific type(s) of list items.html,440.html,Configure a monthly count report on specific type(s) of list items - Crow Canyon Software Support
441 - Show time taken to close the Ticket (from time it is created to closed) in Crow Canyon applications.html,441.html,Show time taken to close the Ticket (from time it is created to closed) in Crow Canyon applications - Crow Canyon Software Support
442 - How to enable Sentiment Analysis in Crow Canyon Applications.html,442.html,How to enable Sentiment Analysis in Crow Canyon Applications - Crow Canyon Software Support
443 - Custom Script examples in NITRO Forms.html,443.html,Custom Script examples in NITRO Forms - Crow Canyon Software Support
444 - NITRO Forms_ Change the color of Form _ Columns based on a value selected in the form - Crow Canyon.html,444.html,NITRO Forms: Change the color of Form / Columns based on a value selected in the form - Crow Canyon Software Support
445 - How to Export and Import Crow Canyon NITRO Configurations.html,445.html,How to Export and Import Crow Canyon NITRO Configurations - Crow Canyon Software Support
446 - How to enable scripting capabilities with PowerShell.html,446.html,How to enable scripting capabilities with PowerShell - Crow Canyon Software Support
447 - External Data Column configuration in NITRO Forms.html,447.html,External Data Column configuration in NITRO Forms - Crow Canyon Software Support
448 - Install Crow Canyon NITRO Studio for SharePoint On-Premises.html,448.html,Install Crow Canyon NITRO Studio for SharePoint On-Premises - Crow Canyon Software Support
"449 - Auto-assign Tickets based on selected Category, Issue Type and Requester location - Crow Canyon Soft.html",449.html,"Auto-assign Tickets based on selected Category, Issue Type and Requester location - Crow Canyon Software Support"
450 - Permissions required for NITRO Apps.html,450.html,Permissions required for NITRO Apps - Crow Canyon Software Support
451 - How to create bulk items in SharePoint list.html,451.html,How to create bulk items in SharePoint list - Crow Canyon Software Support
452 - Select and complete one or more sub-tasks of a parent task.html,452.html,Select and complete one or more sub-tasks of a parent task - Crow Canyon Software Support
454 - How to Parse Email Body to Announcement list fields.html,454.html,How to Parse Email Body to Announcement list fields - Crow Canyon Software Support
455 - Troubleshooting Recurrence feature in SharePoint On-Premises.html,455.html,Troubleshooting Recurrence feature in SharePoint On-Premises - Crow Canyon Software Support
456 - How to show Form elements dynamically on NITRO Forms based on certain conditions - Crow Canyon Softw.html,456.html,How to show Form elements dynamically on NITRO Forms based on certain conditions - Crow Canyon Software Support
457 - Duplicate email notifications in Crow Canyon Application.html,457.html,Duplicate email notifications in Crow Canyon Application - Crow Canyon Software Support
458 - Configure two level approval functionality using NITRO Custom Actions.html,458.html,Configure two level approval functionality using NITRO Custom Actions - Crow Canyon Software Support
459 - NITRO Custom Action configurations for two level approval process.html,459.html,NITRO Custom Action configurations for two level approval process - Crow Canyon Software Support
460 - NITRO Workflow configurations for two level approval process.html,460.html,NITRO Workflow configurations for two level approval process - Crow Canyon Software Support
461 - Calculate total time spent on Tickets and show it as percentage of estimated time - Crow Canyon Soft.html,461.html,Calculate total time spent on Tickets and show it as percentage of estimated time - Crow Canyon Software Support
463 - How to configure dynamic permissions for columns in NITRO Forms.html,463.html,How to configure dynamic permissions for columns in NITRO Forms - Crow Canyon Software Support
464 - Steps to install Pre-built Crow Canyon NITRO applications.html,464.html,Steps to install Pre-built Crow Canyon NITRO applications - Crow Canyon Software Support
465 - SharePoint 2013_16_19_ Additional configurations required for Crow Canyon Service Request applicatio.html,465.html,SharePoint 2013/16/19: Additional configurations required for Crow Canyon Service Request application - Crow Canyon Software Support
466 - SharePoint_ Create and configure end user portal site for NITRO applications - Crow Canyon Software.html,466.html,SharePoint: Create and configure end user portal site for NITRO applications - Crow Canyon Software Support
467 - Site URL Change for NITRO Application.html,467.html,Site URL Change for NITRO Application - Crow Canyon Software Support
468 - Show KB articles as hyperlinks in the Portal Forms.html,468.html,Show KB articles as hyperlinks in the Portal Forms - Crow Canyon Software Support
469 - How to calculate date value dynamically based on other column value changes in the NITRO form_ - Cro.html,469.html,How to calculate date value dynamically based on other column value changes in the NITRO form? - Crow Canyon Software Support
471 - How to import Contracts in Crow Canyon Contract Management application_ - Crow Canyon Software Suppo.html,471.html,How to import Contracts in Crow Canyon Contract Management application? - Crow Canyon Software Support
472 - Query list action configurations in NITRO Custom Actions.html,472.html,Query list action configurations in NITRO Custom Actions - Crow Canyon Software Support
473 - Different use cases of Groups in Crow Canyon Service Request (IT Helpdesk_Request Management_Facilit.html,473.html,Different use cases of Groups in Crow Canyon Service Request (IT Helpdesk/Request Management/Facilities) Application and NITRO Components - Crow Canyon Software Support
474 - Upgrade On-Premises Crow Canyon applications to latest NITRO Studio based applications - Crow Canyon.html,474.html,Upgrade On-Premises Crow Canyon applications to latest NITRO Studio based applications - Crow Canyon Software Support
476 - How to configure Crow Canyon Mail App for Outlook O365_.html,476.html,How to configure Crow Canyon Mail App for Outlook O365? - Crow Canyon Software Support
477 - Generate a custom unique ID for SharePoint list items.html,477.html,Generate a custom unique ID for SharePoint list items - Crow Canyon Software Support
479 - How to configure column validations in NITRO forms_.html,479.html,How to configure column validations in NITRO forms? - Crow Canyon Software Support
482 - Revert NITRO Forms of a list to a previously published settings.html,482.html,Revert NITRO Forms of a list to a previously published settings - Crow Canyon Software Support
483 - Auto-fill logged in user in NITRO Forms on a column value change.html,483.html,Auto-fill logged in user in NITRO Forms on a column value change - Crow Canyon Software Support
484 - Validation on date column value relative to today’s date.html,484.html,Validation on date column value relative to today’s date - Crow Canyon Software Support
485 - How to configure permissions for KB articles in Crow Canyon Applications_ - Crow Canyon Software Sup.html,485.html,How to configure permissions for KB articles in Crow Canyon Applications? - Crow Canyon Software Support
486 - Include logged-in user details in mails sent from Crow Canyon Email Manager - Crow Canyon Software S.html,486.html,Include logged-in user details in mails sent from Crow Canyon Email Manager - Crow Canyon Software Support
490 - Configure a report to show Tickets closed within SLA.html,490.html,Configure a report to show Tickets closed within SLA - Crow Canyon Software Support
492 - Match incoming Emails with existing Tickets in Crow Canyon Service Request (email threading) - Crow.html,492.html,Match incoming Emails with existing Tickets in Crow Canyon Service Request (email threading) - Crow Canyon Software Support
493 - Tickets list data dictionary in Crow Canyon Service Request Application - Crow Canyon Software Suppo.html,493.html,Tickets list data dictionary in Crow Canyon Service Request Application - Crow Canyon Software Support
494 - Crow Canyon List View advanced settings.html,494.html,Crow Canyon List View advanced settings - Crow Canyon Software Support
495 - Crow Canyon List Search Extended Settings.html,495.html,Crow Canyon List Search Extended Settings - Crow Canyon Software Support
496 - Site level NITRO configurations.html,496.html,Site level NITRO configurations - Crow Canyon Software Support
498 - Crow Canyon Email Sync_ Use Graph API to read emails.html,498.html,Crow Canyon Email Sync: Use Graph API to read emails - Crow Canyon Software Support
6 - How to use Graph API for sending mails from NITRO Workflow Manager and Advanced Approval apps.html,006.html,How to use Graph API for sending mails from NITRO Workflow Manager and Advanced Approval apps - Crow Canyon Software Support
601 - How to use Graph API for sending mails from NITRO Workflow Manager and Advanced Approval apps - Crow.html,601.html,How to use Graph API for sending mails from NITRO Workflow Manager and Advanced Approval apps - Crow Canyon Software Support
602 - Insert and Update records in External data source using NITRO.html,602.html,Insert and Update records in External data source using NITRO - Crow Canyon Software Support
603 - Troubleshooting Crow Canyon list view_List Rollup.html,603.html,Troubleshooting Crow Canyon list view/List Rollup - Crow Canyon Software Support
604 - Service Request NITRO Application for SharePoint Online_ Installation Steps - Crow Canyon Software S.html,604.html,Service Request NITRO Application for SharePoint Online: Installation Steps - Crow Canyon Software Support
605 - Reconfigure NITRO Site after URL change.html,605.html,Reconfigure NITRO Site after URL change - Crow Canyon Software Support
607 - Add custom validations in NITRO Forms using JavaScript.html,607.html,Add custom validations in NITRO Forms using JavaScript - Crow Canyon Software Support
608 - Convert SharePoint classic site to modern site experience.html,608.html,Convert SharePoint classic site to modern site experience - Crow Canyon Software Support
609 - How to insert version history button in NITRO Forms_.html,609.html,How to insert version history button in NITRO Forms? - Crow Canyon Software Support
610 - Use ‘Form Event Actions’ feature of NITRO Forms to add custom functionality - Crow Canyon Software S.html,610.html,Use ‘Form Event Actions’ feature of NITRO Forms to add custom functionality - Crow Canyon Software Support
611 - NITRO Print – Advanced formatting using JavaScript.html,611.html,NITRO Print – Advanced formatting using JavaScript - Crow Canyon Software Support
612 - NITRO Print App – Remove border for rich text print templates.html,612.html,NITRO Print App – Remove border for rich text print templates - Crow Canyon Software Support
613 - Invoke REST APIs from NITRO Components.html,613.html,Invoke REST APIs from NITRO Components - Crow Canyon Software Support
614 - Common Steps In NITRO Apps Configurations.html,614.html,Common Steps In NITRO Apps Configurations - Crow Canyon Software Support
615 - How to configure Teams connection in NITRO_.html,615.html,How to configure Teams connection in NITRO? - Crow Canyon Software Support
616 - How to approve requests from Crow Canyon self-service bot in Microsoft Teams - Crow Canyon Software.html,616.html,How to approve requests from Crow Canyon self-service bot in Microsoft Teams - Crow Canyon Software Support
617 - Install Crow Canyon NITRO Secure for SharePoint On-Premises.html,617.html,Install Crow Canyon NITRO Secure for SharePoint On-Premises - Crow Canyon Software Support
618 - How to revert Custom Actions settings of a list to previously saved settings_ - Crow Canyon Software.html,618.html,How to revert Custom Actions settings of a list to previously saved settings? - Crow Canyon Software Support
620 - Create End User Portal Site For Service Request Applications.html,620.html,Create End User Portal Site For Service Request Applications - Crow Canyon Software Support
621 - Filtering options in NITRO Forms for items shown in lookup columns.html,621.html,Filtering options in NITRO Forms for items shown in lookup columns - Crow Canyon Software Support
622 - How to customize NITRO Reports using Script.html,622.html,How to customize NITRO Reports using Script - Crow Canyon Software Support
623 - Switch to Modern version of NITRO Forms.html,623.html,Switch to Modern version of NITRO Forms - Crow Canyon Software Support
626 - How to read user properties using Microsoft Graph API in NITRO Workflows_ - Crow Canyon Software Sup.html,626.html,How to read user properties using Microsoft Graph API in NITRO Workflows? - Crow Canyon Software Support
627 - Additional configurations required for web application or site collection backup_restore using stand.html,627.html,Additional configurations required for web application or site collection backup/restore using standard Microsoft methods - Crow Canyon Software Support
628 - Automatically capture the name of user closing the Ticket in a separate column - Crow Canyon Softwar.html,628.html,Automatically capture the name of user closing the Ticket in a separate column - Crow Canyon Software Support
629 - NITRO Studio and NITRO Applications License Registration.html,629.html,NITRO Studio and NITRO Applications License Registration - Crow Canyon Software Support
630 - Configure Save and Continue functionality in NITRO Forms and Portal Forms - Crow Canyon Software Sup.html,630.html,Configure Save and Continue functionality in NITRO Forms and Portal Forms - Crow Canyon Software Support
631 - Install Crow Canyon NITRO Secure for SharePoint SE and SharePoint 2019 (Modern UI) - Crow Canyon Sof.html,631.html,Install Crow Canyon NITRO Secure for SharePoint SE and SharePoint 2019 (Modern UI) - Crow Canyon Software Support
632 - Clear a list column value in NITRO Forms and Workflows.html,632.html,Clear a list column value in NITRO Forms and Workflows - Crow Canyon Software Support
640 - Hide ‘Delete’ button from ‘Attachments’ section in NITRO Forms based on user permissions - Crow Cany.html,640.html,Hide ‘Delete’ button from ‘Attachments’ section in NITRO Forms based on user permissions - Crow Canyon Software Support
641 - Configure Text Pattern-Based Validations In NITRO Forms.html,641.html,Configure Text Pattern-Based Validations In NITRO Forms - Crow Canyon Software Support
642 - How to change sender address for outgoing emails in Crow Canyon NITRO activated sites and Service re.html,642.html,How to change sender address for outgoing emails in Crow Canyon NITRO activated sites and Service request application - Crow Canyon Software Support
643 - Show images along with choice options in NITRO Forms.html,643.html,Show images along with choice options in NITRO Forms - Crow Canyon Software Support
644 - Frequently asked questions regarding NITRO Forms.html,644.html,Frequently asked questions regarding NITRO Forms - Crow Canyon Software Support
645 - Frequently asked questions regarding Crow Canyon NITRO Engage.html,645.html,Frequently asked questions regarding Crow Canyon NITRO Engage - Crow Canyon Software Support
646 - Steps to convert NITRO Studio based sites to NITRO Secure.html,646.html,Steps to convert NITRO Studio based sites to NITRO Secure - Crow Canyon Software Support
647 - Troubleshooting steps for Crow Canyon Workflow Manager.html,647.html,Troubleshooting steps for Crow Canyon Workflow Manager - Crow Canyon Software Support
648 - Sample use cases for Execute Script action in Crow Canyon Custom Actions - Crow Canyon Software Supp.html,648.html,Sample use cases for Execute Script action in Crow Canyon Custom Actions - Crow Canyon Software Support
650 - Expressions in various NITRO components.html,650.html,Expressions in various NITRO components - Crow Canyon Software Support
651 - Syntax for expressions in NITRO Forms.html,651.html,Syntax for expressions in NITRO Forms - Crow Canyon Software Support
652 - Syntax for Expressions in NITRO Workflows.html,652.html,Syntax for Expressions in NITRO Workflows - Crow Canyon Software Support
653 - Syntax for Expressions in Custom Actions.html,653.html,Syntax for Expressions in Custom Actions - Crow Canyon Software Support
661 - Grant access to services using SharePoint App permissions.html,661.html,Grant access to services using SharePoint App permissions - Crow Canyon Software Support
662 - Custom Actions – Send Mail – Custom JavaScript.html,662.html,Custom Actions – Send Mail – Custom JavaScript - Crow Canyon Software Support
663 - Configure other lists in NITRO based Portal site.html,663.html,Configure other lists in NITRO based Portal site - Crow Canyon Software Support
664 - Use ‘Form Event Actions’ Feature Of NITRO Forms To Add Custom Functionality – II - Crow Canyon Softw.html,664.html,Use ‘Form Event Actions’ Feature Of NITRO Forms To Add Custom Functionality – II - Crow Canyon Software Support
666 - Features of Knowledge Base Articles.html,666.html,Features of Knowledge Base Articles - Crow Canyon Software Support
667 - Capture total of associated item currency column dynamically in parent item - Crow Canyon Software S.html,667.html,Capture total of associated item currency column dynamically in parent item - Crow Canyon Software Support
668 - Export _ Import Themes in NITRO Forms.html,668.html,Export / Import Themes in NITRO Forms - Crow Canyon Software Support
669 - Move Ticket to a different service area_site using Crow Canyon Custom Actions - Crow Canyon Software.html,669.html,Move Ticket to a different service area/site using Crow Canyon Custom Actions - Crow Canyon Software Support
670 - Parse CSV action in NITRO Workflows and Custom Actions.html,670.html,Parse CSV action in NITRO Workflows and Custom Actions - Crow Canyon Software Support
671 - Dashboard Configuration in NITRO Application.html,671.html,Dashboard Configuration in NITRO Application - Crow Canyon Software Support
672 - Notify task assignee daily if there is any open task.html,672.html,Notify task assignee daily if there is any open task - Crow Canyon Software Support
673 - Steps to Install NITRO BOT.html,673.html,Steps to Install NITRO BOT - Crow Canyon Software Support
674 - Installation of NITRO Workflows Designer Debugger service.html,674.html,Installation of NITRO Workflows Designer Debugger service - Crow Canyon Software Support
677 - Customize header with Crow Canyon Branding (Modern Sites).html,677.html,Customize header with Crow Canyon Branding (Modern Sites) - Crow Canyon Software Support
678 - Pre-requisites to work with Office API in Custom Actions and NITRO Workflows - Crow Canyon Software.html,678.html,Pre-requisites to work with Office API in Custom Actions and NITRO Workflows - Crow Canyon Software Support
679 - Set Variable in NITRO Forms.html,679.html,Set Variable in NITRO Forms - Crow Canyon Software Support
680 - Configure validation for ‘Attachments’ section in NITRO forms.html,680.html,Configure validation for ‘Attachments’ section in NITRO forms - Crow Canyon Software Support
681 - Configure additional requester metadata information in Tickets.html,681.html,Configure additional requester metadata information in Tickets - Crow Canyon Software Support
682 - NITRO Attachments column in NITRO forms.html,682.html,NITRO Attachments column in NITRO forms - Crow Canyon Software Support
683 - Troubleshooting steps for Crow Canyon NITRO site activation.html,683.html,Troubleshooting steps for Crow Canyon NITRO site activation - Crow Canyon Software Support
684 - Common steps in NITRO forms designer.html,684.html,Common steps in NITRO forms designer - Crow Canyon Software Support
685 - Format tables added in multiple lines of rich text columns in NITRO Forms using Custom CSS - Crow Ca.html,685.html,Format tables added in multiple lines of rich text columns in NITRO Forms using Custom CSS - Crow Canyon Software Support
686 - Using Form Event Actions on auto-populated lookup column.html,686.html,Using Form Event Actions on auto-populated lookup column - Crow Canyon Software Support
687 - Configure Gantt chart in Crow Canyon List Views.html,687.html,Configure Gantt chart in Crow Canyon List Views - Crow Canyon Software Support
688 - Show confirmation message on clicking submit button in NITRO Forms.html,688.html,Show confirmation message on clicking submit button in NITRO Forms - Crow Canyon Software Support
689 - Search large lists using NITRO List Search.html,689.html,Search large lists using NITRO List Search - Crow Canyon Software Support
690 - Configure portal site header colors.html,690.html,Configure portal site header colors - Crow Canyon Software Support
691 - Expression builder in Custom Actions and NITRO Workflows.html,691.html,Expression builder in Custom Actions and NITRO Workflows - Crow Canyon Software Support
692 - Auto-assignment in Crow Canyon helpdesk applications.html,692.html,Auto-assignment in Crow Canyon helpdesk applications - Crow Canyon Software Support
693 - Auto Close progress dialog if action execution has not stopped due to query list action result in Cu.html,693.html,Auto Close progress dialog if action execution has not stopped due to query list action result in Custom Actions - Crow Canyon Software Support
694 - Import Tickets using NITRO Custom Actions.html,694.html,Import Tickets using NITRO Custom Actions - Crow Canyon Software Support
695 - Sample configurations for ‘Get user information from’ ‘Custom User Information List’ in NITRO Forms.html,695.html,Sample configurations for ‘Get user information from’ ‘Custom User Information List’ in NITRO Forms Auto-fill user information - Crow Canyon Software Support
696 - Configuration of Loop feature in Custom Actions and NITRO Workflows.html,696.html,Configuration of Loop feature in Custom Actions and NITRO Workflows - Crow Canyon Software Support
697 - Sample Use Cases for Loop Feature in Custom Actions and NITRO Workflows - Crow Canyon Software Suppo.html,697.html,Sample Use Cases for Loop Feature in Custom Actions and NITRO Workflows - Crow Canyon Software Support
698 - Active Directory Groups integration with NITRO.html,698.html,Active Directory Groups integration with NITRO - Crow Canyon Software Support
699 - SharePoint On-premises_ Installation of NITRO Office API.html,699.html,SharePoint On-premises: Installation of NITRO Office API - Crow Canyon Software Support
7 - Exclude non-business days and holidays while calculating due date using Form Event Actions in NITRO Forms.html,007.html,Exclude non-business days and holidays while calculating due date using Form Event Actions in NITRO Forms - Crow Canyon Software Support
700 - Support for checkboxes in Word documents for Generate Document Action.html,700.html,Support for checkboxes in Word documents for Generate Document Action - Crow Canyon Software Support
701 - Exclude non-business days and holidays while calculating due date using Form Event Actions in NITRO.html,701.html,Exclude non-business days and holidays while calculating due date using Form Event Actions in NITRO Forms - Crow Canyon Software Support
702 - Enforce unique values for list item column values using NITRO features - Crow Canyon Software Suppor.html,702.html,Enforce unique values for list item column values using NITRO features - Crow Canyon Software Support
703 - Frequently asked questions regarding NITRO Branding.html,703.html,Frequently asked questions regarding NITRO Branding - Crow Canyon Software Support
704 - Troubleshooting steps for Crow Canyon SPFx components.html,704.html,Troubleshooting steps for Crow Canyon SPFx components - Crow Canyon Software Support
705 - Manage quick launch links in SharePoint sites.html,705.html,Manage quick launch links in SharePoint sites - Crow Canyon Software Support
706 - Functions_ GetGroupMembers and Join.html,706.html,Functions: GetGroupMembers and Join - Crow Canyon Software Support
707 - Extended Settings in NITRO Forms.html,707.html,Extended Settings in NITRO Forms - Crow Canyon Software Support
708 - Function_ Get Column Value for Version.html,708.html,Function: Get Column Value for Version - Crow Canyon Software Support
709 - Customize Crow Canyon List View using JavaScript Code.html,709.html,Customize Crow Canyon List View using JavaScript Code - Crow Canyon Software Support
710 - Comprehensive List Of Functions in NITRO Studio – 2.html,710.html,Comprehensive List Of Functions in NITRO Studio – 2 - Crow Canyon Software Support
711 - Create user in Azure Active Directory with NITRO Workflows using Microsoft Graph API - Crow Canyon S.html,711.html,Create user in Azure Active Directory with NITRO Workflows using Microsoft Graph API - Crow Canyon Software Support
712 - Function_ Append in NITRO Workflows and Custom Actions.html,712.html,Function: Append in NITRO Workflows and Custom Actions - Crow Canyon Software Support
713 - Function_ Format Value 2.html,713.html,Function: Format Value 2 - Crow Canyon Software Support
714 - Column Width and Text overflow in Crow Canyon List Views.html,714.html,Column Width and Text overflow in Crow Canyon List Views - Crow Canyon Software Support
715 - State Management in Service Request Applications.html,715.html,State Management in Service Request Applications - Crow Canyon Software Support
717 - Query List (Search) action configurations in NITRO Custom Actions.html,717.html,Query List (Search) action configurations in NITRO Custom Actions - Crow Canyon Software Support
718 - Crow Canyon List View Advanced Settings.html,718.html,Crow Canyon List View Advanced Settings - Crow Canyon Software Support
719 - NITRO Forms_ Set column values back to the original if any validation fails during save. - Crow Cany.html,719.html,NITRO Forms: Set column values back to the original if any validation fails during save. - Crow Canyon Software Support
720 - Troubleshooting steps for NITRO secure.html,720.html,Troubleshooting steps for NITRO secure - Crow Canyon Software Support
721 - Use of “Execute manually” form event actions in NITRO Forms.html,721.html,Use of “Execute manually” form event actions in NITRO Forms - Crow Canyon Software Support
722 - Update hyperlink column with link URL and display text using NITRO Custom Actions - Crow Canyon Soft.html,722.html,Update hyperlink column with link URL and display text using NITRO Custom Actions - Crow Canyon Software Support
723 - NITRO Forms_ Upload large documents from associated items column.html,723.html,NITRO Forms: Upload large documents from associated items column - Crow Canyon Software Support
724 - Restrict the type of files allowed for attachments in NITRO Forms.html,724.html,Restrict the type of files allowed for attachments in NITRO Forms - Crow Canyon Software Support
725 - Format the phone number specified in a column using form event actions in NITRO Forms - Crow Canyon.html,725.html,Format the phone number specified in a column using form event actions in NITRO Forms - Crow Canyon Software Support
728 - Manual for DocuSign Action.html,728.html,Manual for DocuSign Action - Crow Canyon Software Support
729 - Insert Query list item link in Mail Template of Send Mail Action.html,729.html,Insert Query list item link in Mail Template of Send Mail Action - Crow Canyon Software Support
730 - How To Customize NITRO Reports Using Script in List Rollup.html,730.html,How To Customize NITRO Reports Using Script in List Rollup - Crow Canyon Software Support
731 - Get URL to View Version History of an Item.html,731.html,Get URL to View Version History of an Item - Crow Canyon Software Support
732 - Hide default ‘Close’ button and configure a close button for redirecting to custom URL - Crow Canyon.html,732.html,Hide default ‘Close’ button and configure a close button for redirecting to custom URL - Crow Canyon Software Support
733 - Steps to open NITRO Form of items with specific form key.html,733.html,Steps to open NITRO Form of items with specific form key - Crow Canyon Software Support
734 - Count the number of items separately for each status in NITRO associated items column in NITRO form.html,734.html,Count the number of items separately for each status in NITRO associated items column in NITRO form - Crow Canyon Software Support
735 - Steps To Count The Total Number Of Attachments For An Item and Set The Value In a Specified Column I.html,735.html,Steps To Count The Total Number Of Attachments For An Item and Set The Value In a Specified Column In The List - Crow Canyon Software Support
736 - NITRO Report To Display The Count Of Options Based On a Multi-Select Column - Crow Canyon Software S.html,736.html,NITRO Report To Display The Count Of Options Based On a Multi-Select Column - Crow Canyon Software Support
737 - A Complete Guide to Crow Canyon’s Mobile List View.html,737.html,A Complete Guide to Crow Canyon’s Mobile List View - Crow Canyon Software Support
738 - Address possible save_version conflicts in NITRO Forms.html,738.html,Address possible save/version conflicts in NITRO Forms - Crow Canyon Software Support
741 - Import data using Crow Canyon CSV Import Webpart.html,741.html,Import data using Crow Canyon CSV Import Webpart - Crow Canyon Software Support
742 - Permissions used in NITRO Studio Modern (3.0).html,742.html,Permissions used in NITRO Studio Modern (3.0) - Crow Canyon Software Support
743 - Configure Archival Functionality in Service Request Applications using NITRO Workflows - Crow Canyon.html,743.html,Configure Archival Functionality in Service Request Applications using NITRO Workflows - Crow Canyon Software Support
744 - Steps To Filter The List Items Using SharePoint Views and Calculated Columns - Crow Canyon Software.html,744.html,Steps To Filter The List Items Using SharePoint Views and Calculated Columns - Crow Canyon Software Support
745 - Knowledge Base Copilot Configuration in NITRO Studio.html,745.html,Knowledge Base Copilot Configuration in NITRO Studio - Crow Canyon Software Support
746 - IT Help Desk – Guide for Knowledge Base Copilot.html,746.html,IT Help Desk – Guide for Knowledge Base Copilot - Crow Canyon Software Support
747 - Instructions to create Azure Services for use with NITRO Copilot.html,747.html,Instructions to create Azure Services for use with NITRO Copilot - Crow Canyon Software Support
748 - Steps To Autofill the Logged-in User’s Manager and Manager Information Using NITRO Forms - Crow Cany.html,748.html,Steps To Autofill the Logged-in User’s Manager and Manager Information Using NITRO Forms - Crow Canyon Software Support
749 - Auto-assignment in Crow Canyon helpdesk applications.html,749.html,Auto-assignment in Crow Canyon helpdesk applications - Crow Canyon Software Support
750 - Use AI to Auto-Set Category and Issue Type.html,750.html,Use AI to Auto-Set Category and Issue Type - Crow Canyon Software Support
751 - Modern NITRO Studio (3.0) Installation Guide.html,751.html,Modern NITRO Studio (3.0) Installation Guide - Crow Canyon Software Support
752 - Upgrade NITRO Studio from 1.0_2.0 to Modern NITRO Studio (3.0).html,752.html,Upgrade NITRO Studio from 1.0/2.0 to Modern NITRO Studio (3.0) - Crow Canyon Software Support
753 - Reconfigure NITRO ID column settings using Custom Actions_NITRO Workflows - Crow Canyon Software Sup.html,753.html,Reconfigure NITRO ID column settings using Custom Actions/NITRO Workflows - Crow Canyon Software Support
754 - Troubleshooting Merge Fields Mappings in Generate Document Action.html,754.html,Troubleshooting Merge Fields Mappings in Generate Document Action - Crow Canyon Software Support
755 - Troubleshooting Crow Canyon NITRO Branding For Modern Sites.html,755.html,Troubleshooting Crow Canyon NITRO Branding For Modern Sites - Crow Canyon Software Support
756 - NITRO Studio Report Error Feature.html,756.html,NITRO Studio Report Error Feature - Crow Canyon Software Support
757 - Switch Between the Tabs Using Custom Buttons in NITRO Forms.html,757.html,Switch Between the Tabs Using Custom Buttons in NITRO Forms - Crow Canyon Software Support
758 - Example to configure aggregate function using ‘Advanced’ operator in NITRO Associated Items column i.html,758.html,Example to configure aggregate function using ‘Advanced’ operator in NITRO Associated Items column in NITRO Forms - Crow Canyon Software Support
759 - Filter the lookup items based on form key in NITRO Forms.html,759.html,Filter the lookup items based on form key in NITRO Forms - Crow Canyon Software Support
760 - Update parent item when associated items are modified from parent item edit form - Crow Canyon Softw.html,760.html,Update parent item when associated items are modified from parent item edit form - Crow Canyon Software Support
761 - Use ‘Form Event Actions’ Feature Of NITRO Forms To Add Custom Functionality – III - Crow Canyon Soft.html,761.html,Use ‘Form Event Actions’ Feature Of NITRO Forms To Add Custom Functionality – III - Crow Canyon Software Support
762 - Troubleshooting Classic UI To Modern UI Conversion In SharePoint 2019.html,762.html,Troubleshooting Classic UI To Modern UI Conversion In SharePoint 2019 - Crow Canyon Software Support
763 - Configure standard notification ‘Notification on Ticket Creation’ using NITRO Workflows - Crow Canyo.html,763.html,Configure standard notification ‘Notification on Ticket Creation’ using NITRO Workflows - Crow Canyon Software Support
764 - SLA Feature.html,764.html,SLA Feature - Crow Canyon Software Support
765 - General Configuration in NITRO Helpdesk.html,765.html,General Configuration in NITRO Helpdesk - Crow Canyon Software Support
766 - Configure choice bar in NITRO Forms to show current status of the request - Crow Canyon Software Sup.html,766.html,Configure choice bar in NITRO Forms to show current status of the request - Crow Canyon Software Support
767 - Coming soon…..html,767.html,Coming soon…. - Crow Canyon Software Support
768 - Hide Crow Canyon Controls from SharePoint List Ribbon.html,768.html,Hide Crow Canyon Controls from SharePoint List Ribbon - Crow Canyon Software Support
769 - Auto-fill Email Address Based on User Specified in A Single Line of Text Column in NITRO Forms - Cro.html,769.html,Auto-fill Email Address Based on User Specified in A Single Line of Text Column in NITRO Forms - Crow Canyon Software Support
770 - Capture Console Logs for Crow Canyon Custom Actions.html,770.html,Capture Console Logs for Crow Canyon Custom Actions - Crow Canyon Software Support
771 - Configure ‘Previous’ and ‘Next’ buttons in NITRO Forms to save the current item and open the previou.html,771.html,Configure ‘Previous’ and ‘Next’ buttons in NITRO Forms to save the current item and open the previous/next item available in Crow Canyon List View - Crow Canyon Software Support
772 - Notify the Requester_Sender If They Reply to A Closed Ticket.html,772.html,Notify the Requester/Sender If They Reply to A Closed Ticket - Crow Canyon Software Support
773 - Create and configure Workspaces in Crow Canyon Applications.html,773.html,Create and configure Workspaces in Crow Canyon Applications - Crow Canyon Software Support
774 - Troubleshooting Steps for Crow Canyon Custom Actions.html,774.html,Troubleshooting Steps for Crow Canyon Custom Actions - Crow Canyon Software Support
775 - Convert text into Hyperlink In the mail template.html,775.html,Convert text into Hyperlink In the mail template - Crow Canyon Software Support
776 - Configure Survey Feature for Tickets.html,776.html,Configure Survey Feature for Tickets - Crow Canyon Software Support
777 - Configure table properties for the list views added to mail template in NITRO Workflows - Crow Canyo.html,777.html,Configure table properties for the list views added to mail template in NITRO Workflows - Crow Canyon Software Support
778 - Track who has accessed a list item through NITRO Forms.html,778.html,Track who has accessed a list item through NITRO Forms - Crow Canyon Software Support
779 - Send an Email with NITRO form image of an item.html,779.html,Send an Email with NITRO form image of an item - Crow Canyon Software Support
780 - Change The Currency Type in NITRO Form Dynamically.html,780.html,Change The Currency Type in NITRO Form Dynamically - Crow Canyon Software Support
781 - Print Item Version History from A Version Enabled Multiple Lines of Text Column In an Email - Crow C.html,781.html,Print Item Version History from A Version Enabled Multiple Lines of Text Column In an Email - Crow Canyon Software Support
782 - Troubleshooting NITRO Studio GCC High installation issues.html,782.html,Troubleshooting NITRO Studio GCC High installation issues - Crow Canyon Software Support
783 - Restrict Number Of Users Selection In A Multiple Selections Enabled Person Or Group Column In NITRO.html,783.html,Restrict Number Of Users Selection In A Multiple Selections Enabled Person Or Group Column In NITRO Forms - Crow Canyon Software Support
784 - Implement Parent-Child relationship in Tickets.html,784.html,Implement Parent-Child relationship in Tickets - Crow Canyon Software Support
785 - Address Lookup Column Rendering Issue With Large Data in Standard SharePoint List Forms - Crow Canyo.html,785.html,Address Lookup Column Rendering Issue With Large Data in Standard SharePoint List Forms - Crow Canyon Software Support
786 - Avoid SharePoint Version Conflict Error in NITRO Forms Using Background Monitoring - Crow Canyon Sof.html,786.html,Avoid SharePoint Version Conflict Error in NITRO Forms Using Background Monitoring - Crow Canyon Software Support
787 - Disable ‘HTML Text – Crow Canyon’ SPFx Web Part At Tenant Level.html,787.html,Disable ‘HTML Text – Crow Canyon’ SPFx Web Part At Tenant Level - Crow Canyon Software Support
788 - NITRO Workflows Execution Logs.html,788.html,NITRO Workflows Execution Logs - Crow Canyon Software Support
789 - AI Connection Settings in NITRO Site Settings.html,789.html,AI Connection Settings in NITRO Site Settings - Crow Canyon Software Support
790 - Calculate Embeddings Custom Action.html,790.html,Calculate Embeddings Custom Action - Crow Canyon Software Support
791 - Document Intelligence Custom Actions.html,791.html,Document Intelligence Custom Actions - Crow Canyon Software Support
98 - SharePoint pie chart_ Label Column Error.html,098.html,SharePoint pie chart: Label Column Error - Crow Canyon Software Support
99 - SharePoint — first field cannot be typed in.html,099.html,SharePoint — first field cannot be typed in - Crow Canyon Software Support
Comprehensive list of Functions in NITRO Studio.html,Comprehensive list of Functions in NITRO Studio.html,Comprehensive list of Functions in NITRO Studio - Crow Canyon Software Support
index.html,index.html,Crow Canyon KB (Portable)
www.crowcanyon.help - Add new ticket link _webpart_ in a workspace.html,Add new ticket link webpart in a workspace.html,Add new ticket link (webpart) in a workspace - Crow Canyon Software Support
www.crowcanyon.help - How do I set permissions so that end users can submit and update tickets_ but can_t see the Service Area_.html,How do I set permissions so that end users can submit and update tickets but can t see the Service Area.html,"How do I set permissions so that end users can submit and update tickets, but can’t see the Service Area? - Crow Canyon Software Support"
www.crowcanyon.help - How to manage the List View Threhsold in SharePoint On-Premises_.html,How to manage the List View Threhsold in SharePoint On-Premises.html,How to manage the List View Threhsold in SharePoint On-Premises? - Crow Canyon Software Support
www.crowcanyon.help - Mapping for emails to SharePoint list.html,Mapping for emails to SharePoint list.html,Mapping for emails to SharePoint list - Crow Canyon Software Support
www.crowcanyon.help - Missing Attachments in SharePoint Tickets.html,Missing Attachments in SharePoint Tickets.html,Missing Attachments in SharePoint Tickets - Crow Canyon Software Support
www.crowcanyon.help - Modifying Column Names in Crow Canyon_s SharePoint applications _Issue Type_.html,Modifying Column Names in Crow Canyon s SharePoint applications Issue Type.html,Modifying Column Names in Crow Canyon’s SharePoint applications (Issue Type) - Crow Canyon Software Support
www.crowcanyon.help - Requester Phone is the Mobile Number instead of Work Phone.html,Requester Phone is the Mobile Number instead of Work Phone.html,Requester Phone is the Mobile Number instead of Work Phone - Crow Canyon Software Support
www.crowcanyon.help - Restricting Assigned Staff list in SharePoint.html,Restricting Assigned Staff list in SharePoint.html,Restricting Assigned Staff list in SharePoint - Crow Canyon Software Support
www.crowcanyon.help - Work Log disappearing.html,Work Log disappearing.html,Work Log disappearing - Crow Canyon Software Support
www.crowcanyon.help_author_crow-canyon-support - supportTeam.html,author crow-canyon-support - supportTeam.html,supportTeam - Crow Canyon Software Support
www.crowcanyon.help_comments_feed.html,comments feed.html,Comments for Crow Canyon Software Support
www.crowcanyon.help_feed - Crow Canyon Software Support.html,feed - Crow Canyon Software Support.html,Crow Canyon Software Support
www.crowcanyon.help_forum - Crow Canyon Software Forum __8211_ Crow Canyon Software Support.html,forum - Crow Canyon Software Forum Crow Canyon Software Support.html,Crow Canyon Software Forum – Crow Canyon Software Support
www.crowcanyon.help_privacy-policy - Privacy Policy.html,privacy-policy - Privacy Policy.html,Privacy Policy - Crow Canyon Software Support
www.crowcanyon.help_releasenotes - Release Notes.html,releasenotes - Release Notes.html,Release Notes - Crow Canyon Software Support
www.crowcanyon.help_terms-of-service - Terms of Service.html,terms-of-service - Terms of Service.html,Terms of Service - Crow Canyon Software Support
www.crowcanyon.help_wp-json_oembed_1.0_embed.html,wp-json oembed 1.0 embed.html,(no title tag)
www.crowcanyon.help_wp-json.html,wp-json.html,(no title tag)
www.crowcanyon.help_wp-login.php - Log In _lsaquo_ Crow Canyon Software Support __8212_ WordPress.html,wp-login.php - Log In Crow Canyon Software Support WordPress.html,Log In ‹ Crow Canyon Software Support — WordPress
www.crowcanyon.help_xmlrpc.php.html,xmlrpc.php.html,(no title tag)
